"","assignmentid","workerid","amount"
"1","369J354OFDBZLQ22LPX86SJG4606GQ","A3JAM040VWXHDO",0.5
"2","379J5II41OHJKX9I2YDMV8G1HLXLEJ","A1YH1WHYO3IFOC",0.5
"3","3A1COHJ8NJW0P0G1YACOB6R8P1Y8H8","APF1EAZT104LQ",0.5
"4","3B4YI393V9X7YT9QN2USWBYBA6ESS5","ACKG8OU1KHKO2",0.5
"5","3DHE4R9OCWCB3PJ1YNL5GF24O1V2G2","A2Z0DI2L5GV87Y",0.5
"6","3DUZQ9U6SMPNQLQUHXZX7YII9AISVK","A2KBZ75HMJ7KVX",0.5
"7","3EKVH9QMEY58R59AWXKXAUZ7B9E2DR","A2QYMRE37M9PAO",0.5
"8","3IHR8NYAM72RJGRN5KUG33DU96B4P1","A2CHDWKAYZ3P3E",0.5
"9","3JRJSWSMQHM24TJTWS9MZMMKHZE3EV","A1VFU1BQ727TX5",0.5
"10","3MH9DQ757WDKN1S3H7VBMYXW7SDUGB","A30CGO77OY7WP0",0.5
"11","3QRYMNZ7FYIBXGU046IW7MKRPQPTNO","A34VLM2UC0JY11",0.5
"12","3TVSS0C0E111KA3EW79J35XII2TTWF","A1ZJDBN0F7R5OJ",0.5
"13","3VAR3R6G1P2AHH2O2N7EVFO91N4O84","A1K6LH7NTGQOKS",0.5
"14","3WR9XG3T63C2DANN9Y0Z3HM99C847X","A15JI9ZIILGCAK",0.5
"15","3X65QVEQI0O4NZP4677R5KGYW9PLCV","A3OY0POKX8NCF5",0.5
"16","3YMTUJH0DSHPB8KUM1308DERY9Y4T8","A5A14MTB35J23",0.5
"17","3YWRV122CS05UMMLY9JNULGYJ938UC","A17IZXZ352YXC5",0.5
"18","31T4R4OBOSH58E022D6HMFYX1S9C78","A3H8M155NBFE1L",0.5
"19","32ZKVD547FO4XQ79M17WYEGZE5QB3Y","AA20CNJ7ILLPL",0.5
"20","352YTHGROVEZ6ZTZM7MBUUB3NHHH4T","A77EN6TMUN0ZM",0.5
"21","37UQDCYH6XW17N62TU1MC7MMMZR7V4","AA4O2W236E3FW",0.5
"22","39OWYR0EPKSVQAGDGOMI7Y3X237FYI","APPOO1EBDMS7M",0.5
"23","3BF51CHDTVBI7BBY36Z9IRLQ651H0D","A2BA2KLNO29T8D",0.5
"24","3COPXFW7XBDCXIGQQCHWAK2Q6UIPKX","A2JTSH1VPJQ8FR",0.5
"25","3CP1TO84PT2DNSUHHR2ECIBFYUY255","AQJQ2B28VFNTX",0.5
"26","3D4CH1LGEAUM3940JW0KQ2AIU9O9GO","A39LVL4A92K88X",0.5
"27","3DL65MZB8DGQHTFCPLKNSPQENE6ECN","A2HDVJ3CZXV0EZ",0.5
"28","3GA6AFUKOOPEO3AVMTHSKPJX9HLH38","A2FEPNA8OA1UE",0.5
"29","3HPZF4IVNMUONYW3PMWHZSIU5QDCY2","A2M926W9I0CP93",0.5
"31","3UN61F00HWQURCB2WHHFDQJNANL5RW","A2S077TSDERITY",0.5
"32","3VAR3R6G1P2AHH2O2N7EVFO91PRO8V","ATP2BJPDK4K2B",0.5
"33","3GA6AFUKOOPEO3AVMTHSKPJX9D9H3O","A125MIMKC38PVH",0.5
"34","3KAKFY4PGU3EKYLFSBZDK1KC9J23I3","A12H8YZ180UW05",0.5
"35","3JBT3HLQF837MDFCQDK6XZQ3AIBZP3","A12UVTYGWSV0G",0.5
"36","37TRT2X24QSFI49YPMZJELXOAOLJBZ","A1376QCT0WY4UO",0.5
"37","3LKC68YZ3A4L7IY60QNK9VRVJD9WOV","A137IPEPDNEGWW",0.5
"38","3KJYX6QCM9CURI74U3QJFXRVDPCVJA","A13IZFLV4QBGSJ",0.5
"39","3TPZPLC3M0D61K8J56PXTYLOVNCP3W","A13JQTLPWXZD6L",0.5
"40","3OVHNO1VE62YXGCML4TBX59EW0IZD1","A13WYZ8AXD6ODX",0.5
"41","3P59JYT76LLF8U57INKCFYHTEDR2TZ","A147QJNRYI5GM2",0.5
"42","3E47SOBEYQX2XYHYL4AED4O6FWICID","A14DAR2DMHRW9Q",0.5
"43","354P56DE9K4LFVPYZZWH1K2FN967S0","A14EYTLSMJRPUK",0.5
"44","3X1FV8S5JXSK0GH3MX5GIKZFLGIGVG","A152OI3N7VA7A1",0.5
"45","3DEL4X4EL6MCQW7YGIS4D53464FYXW","A181UC7ZY81WH8",0.5
"46","3NG53N1RLVKS2HEPHNKTKFTZBM08PT","A19DMQA74225ZI",0.5
"47","3Z4AIRP3C6EF0QWV4TLVZISUZ38X13","A19HMCT6V15WRU",0.5
"48","3KRVW3HTZNM40YWL35Y6K2Z5IZYSMV","A1ADAWW4IHPCQ7",0.5
"49","32N49TQG3GJJQP400XD6MYOCNM5AV0","A1BOOZ7XOIIKJE",0.5
"50","38BQUHLA9W1P264SWOHX0XP4L95OM2","A1BZ0AFHQSB6WL",0.5
"51","3ERMJ6L4DYTIH0CTF20VPB39VLEM7V","A1CUDX7TTS2W61",0.5
"52","3KMS4QQVK2R065RWC9LRYQOM43BKFZ","A1DA95EVGU6QUO",0.5
"53","3X31TUMD7XNK0WF6QAI7OOX7SUSL1Z","A1DZDAR6J7N3HH",0.5
"54","3RWE2M8QWHBAH7X964UMNBIMSDX0NK","A1FCGGSLS4TPNV",0.5
"55","39K0FND3AHG002ARM5CFZ25ZWTWMAY","A1FN47KACHQ5W",0.5
"56","3GS6S824SQY3PXYUZBN7U6RQT91WNP","A1FVDI98ZESRLP",0.5
"57","3WRFBPLXRAP6YZW6PRC5P9GTV9T3NY","A1GV3SF9AKA8BU",0.5
"58","30OG32W0SUC98XC3EBT180KQMEMNE8","A1IZ4NX41GKU4X",0.5
"59","3RSDURM96AN3KWGHLD2CPGIXQINYEA","A1J4TXVBRW33KN",0.5
"60","3BF51CHDTVBI7BBY36Z9IRLQ6L80HZ","A1KIL2V6SMJBGX",0.5
"61","3X65QVEQI0O4NZP4677R5KGYWQBLCF","A1L1S0IAPZB4MO",0.5
"62","3UWN2HHPUY6AIGHLF6D6XHO5NP7NSP","A1M3HU7RRX0BXZ",0.5
"63","3TVSS0C0E111KA3EW79J35XIIJSWTF","A1MF5X99676P61",0.5
"64","3P59JYT76LLF8U57INKCFYHTERU2TU","A1NOR6E0WT0Y14",0.5
"65","30LSNF239UWPZGPWOBL81RFK318I25","A1OIIHLOC90XCH",0.5
"66","3JAOYWH7VI52P1I1UNX03UFQQ6C9LS","A1PLYU7HZ97RF0",0.5
"67","37UQDCYH6XW17N62TU1MC7MMMD47V9","A1QGY6CAFFHR6G",0.5
"68","3WOKGM4L71HSZSXL7JUZ20IRILNO04","A1S7WGRS6BVBGW",0.5
"69","3ZDAD0O1T1EG9A846C555OBPR0IXTN","A1SOFLJOEQB591",0.5
"70","3ZAZR5XV01JOSO68L8Y0DZRWB4RCZ7","A1U2IZQZ7A0ZGF",0.5
"71","3IHR8NYAM72RJGRN5KUG33DU942P49","A1VFSNVFK883XU",0.5
"72","3ZAK8W07I4FNCXHI356816AG0SP0UD","A1YIE68LKBFUSD",0.5
"73","3SBEHTYCWN4F01I3HWS3AVGPIB5YIU","A1ZDUYOAXER5TG",0.5
"74","3B837J3LDOXVXE9D8DUN61TFOLZSRJ","A20KLNCJK6M7DV",0.5
"75","3QY5DC2MXRLE91W86NPT4DXK6U9UF6","A20LKUNLGTTANZ",0.5
"76","3ZAZR5XV01JOSO68L8Y0DZRWB36CZK","A20YGFCRNDTD6",0.5
"77","36PW28KO4ZX2OEIE57OWMU0QN7KAE8","A217E1EMJSYBON",0.5
"78","3LJ7UR74RHERGVFAP5HOZE8Z99AN4O","A2193PG40L6Z9J",0.5
"79","3NXNZ5RS1AY3AGTZQTWQKPXPV1K79O","A21A92MXRINRXZ",0.5
"80","3KIBXJ1WD5VUCI4PBC4HLKX0WC7OKA","A23DW66FV2QTFT",0.5
"81","39KFRKBFINWPWNT6FR58USCBUJIOYR","A23RQHNROJGWR4",0.5
"82","3IXQG4FA2TZQCSWP3A86PRJLEKW9BJ","A24EAYGSHOXEGP",0.5
"83","3LO69W1SU3EH4B598T3AVB1DUW7LGL","A27K3UK3TETLIC",0.5
"84","3NQL1CS15R9KM723G3RMPK6JQR2VYH","A27W2DOJPQUHU0",0.5
"85","3IKZ72A5B4H1EBCZ9MD7QI5QY9TNF6","A288RSAGJBLY9",0.5
"86","3DYGAII7PL9Y8LEL3H1T66EZ5HDPQQ","A28Y4CEFC3NK1V",0.5
"87","33C7UALJVLZPLPVNWL93JJB18TN81S","A2CQLJ3OT0MIHB",0.5
"88","3VBEN272MK048O0ZS20B7XF8MCOGSB","A2CWADQFILGY80",0.5
"89","34S6N1K2ZVKV470KSZLSGBDE9I7LHF","A2EOU1K1M51LSV",0.5
"90","3VHHR074H3IYBIU8FQZGPYOKVF27LQ","A2F0A4FIVT9M3O",0.5
"91","3VAR3R6G1P2AHH2O2N7EVFO915LO8L","A2IM2TWRHHBTOO",0.5
"92","3DL65MZB8DGQHTFCPLKNSPQEN9CCEH","A2IVLRO164XH51",0.5
"93","3QBD8R3Z21K9YGFMQKH1E384ZZ34O4","A2NTLZYJRFAMFR",0.5
"94","354P56DE9K4LFVPYZZWH1K2FN9A7S4","A2ORC04Z3SEX0R",0.5
"95","33SA9F9TRXVZVRLH6CKO4JXHF95EW7","A2P53AN2M8IWFP",0.5
"96","351SEKWQS0IYY9D36F3HP3D5HVQMDV","A2RHE12CJSKCRE",0.5
"97","3G0WWMR1UVLY5028N2O12H9451OQN5","A2SJXW30OWHZG",0.5
"98","3OWEPKL089DOZIXTR3FV2QS90KL7NV","A2SULQE4M8C3CM",0.5
"99","3Y4W8Q93LZLHOW7CK748CZWI8VZDVE","A2TCOV49RNTECD",0.5
"100","3E7TUJ2EGCNJRPU9H6ZCKH7LH7FD95","A2TGHPIJ98QSKJ",0.5
"101","3N2BF7Y2VQVFAPI5SBM7GOS392CHMM","A2W3TKXTKKL423",0.5
"102","3WMOAN2SRBYQA8YP91IB848CM8YVNT","A2W5PAZJG6X8Q8",0.5
"103","3Y4W8Q93LZLHOW7CK748CZWI8YLDV6","A2WI6JEIE34X71",0.5
"104","39U1BHVTDLS4TC1QMNYHY8MLKSZ3TL","A2WNCIZ47VXDIC",0.5
"105","34S9DKFK73Q7E2TUEC5VF3C64GZNYB","A2WYCY1FMQOD5F",0.5
"106","39KFRKBFINWPWNT6FR58USCBU1CYOV","A2XKJMLCU7TRJ1",0.5
"107","3HQUKB7LNFFTIBHU1E6UOJK7S1KHHQ","A2ZK5I1MDWNPRU",0.5
"108","382M9COHEHGM3NWCBC5NMVCKUUXEUD","A2ZNA9H0D65KQG",0.5
"109","3A9AA95ATWN9FZVNJPDQ8VJ89J3P5M","A304UJAE051J89",0.5
"110","39KFRKBFINWPWNT6FR58USCBUKNOYY","A31IOAEFF0W6ZJ",0.5
"111","3AWETUDC92TF5RS8DIUMO2PROLLIZD","A323ACW5NHXVLV",0.5
"112","3IHR8NYAM72RJGRN5KUG33DU9NA4PY","A33UW3XW0LM27W",0.5
"113","39N5ACM9HEOSGMXZMFQ7KBOAVRD9PC","A34CPKFZXBX1PO",0.5
"114","3TESA3PJ31B123JGJ82K8T0ZQ9IMMD","A34T4R7G25LDJM",0.5
"115","3JJVG1YBEBY7B5UD0KVPDBEJSG8B59","A377NX01UOD3Z8",0.5
"116","3D8YOU6S9ELIQ83X5UMPA7K7DV6U63","A37GHED5LW6M3Z",0.5
"117","3WMINLGALB4NRGY09GI1W60N2IOCA8","A37PBPPHVITVUS",0.5
"118","3L70J4KAZGNXW84E9CDCGCI5NUXDAU","A37RYVOK1ALL2K",0.5
"119","3NC5L260MONJWWCBA1DK575VOJIOF6","A39MWYZ1G00OMW",0.5
"120","3M0NZ3JDP1Z3T3XT6YBSZTLMJKO5Z5","A3BAM0EC32551E",0.5
"121","34S6N1K2ZVKV470KSZLSGBDE9TLHLB","A3BGKGVF6BUOUN",0.5
"122","3Z7EFSHGN9FZNT6TKQAFGEBL3GGXC6","A3CJC1B9YODT4B",0.5
"123","3OWEPKL089DOZIXTR3FV2QS90HD7NH","A3CX0LXFHZ6I3I",0.5
"124","3OB0CAO74HQF467JBEAIAJFAIX0YH9","A3F6PUD0ZYMNL1",0.5
"125","3ZDAD0O1T1EG9A846C555OBPRNZXTE","A3FY6THWKRYN9M",0.5
"126","3EA3QWIZ4IWJJFJ97Q542EOA38BTIM","A3GO2JCV966XGE",0.5
"127","3JRJSWSMQHM24TJTWS9MZMMKHHA3ER","A3HF4FOT5XOZKU",0.5
"128","38F5OAUN5NDWPMBIO5KIX6VDEZVH7X","A3KD6OOML0Y916",0.5
"129","3WRFBPLXRAP6YZW6PRC5P9GTV9JN38","A3LTFYL8W6PN7L",0.5
"130","3HWRJOOET536OA48M7AN7UUW9B6SEX","A3MELYYGRJ61SX",0.5
"131","3EQHHY4HQST32M2OG6N3EM5G82T5GV","A3MVLQFGQNZZC4",0.5
"132","3COPXFW7XBDCXIGQQCHWAK2Q6ACPKN","A3O80QISD9M40L",0.5
"133","3U4J9857OECMY98WODAMBVSFJZUB75","A3PTZLBN6U5KKL",0.5
"134","308Q0PEVB8E0Z0AV9K0NBENY91V9IP","A3VBNWON5XOUVS",0.5
"135","3C2NJ6JBKAIHDH0NLRY06ZB1P4Y2N9","A3VI14PQFWGLI5",0.5
"136","3KIBXJ1WD5VUCI4PBC4HLKX0WKMOK5","A3VTQEQIPJY06V",0.5
"137","3DBQWDE4Y6Z9CEJA3A0Y46ED9LM5NO","A3VYBAO7UQQHGC",0.5
"138","3QBD8R3Z21K9YGFMQKH1E384ZWDO4S","A46X19X6KTN7S",0.5
"139","3OF2M9AATGP6BMIWDLFY1I44G9XKZH","A4ED0EOOFHZTR",0.5
"140","31QTRG6Q2TE7HN57URINJSH14WVYPF","A56WOOPGH33JS",0.5
"141","3QBD8R3Z21K9YGFMQKH1E384ZIGO43","A7ERZELTAMWL5",0.5
"142","33NF62TLXJ3GB7DSVZCCDOGEXJXJKO","A7VQJN8H4QMI6",0.5
"143","38F71OA9GTXVWTRZXLY7D3GQTJXMFJ","A8CO7FH037DOO",0.5
"144","333U7HK6I9G8X17I3IQP9BLODFUJDF","A8Q0AO83PMO8J",0.5
"145","3RXCAC0YIRQMP4LQE4U6Q6F7AU88GI","A9TGK24RHVMJ0",0.5
"146","31T4R4OBOSH58E022D6HMFYX1LJ7CZ","ABTG5AJMQZKA5",0.5
"147","3300DTYQT2IUBUPVU3LICUFVR9OQEH","AC3SJ09ODQZJX",0.5
"148","3MH9DQ757WDKN1S3H7VBMYXW7IBGUB","AESIFZEIVG1W5",0.5
"149","3X73LLYYQ1FLS7354C17T3H3EMNNHH","AF6NYK9VC3E5U",0.5
"150","3I7DHKZYGN1XOM6T5MHLW1547DI5F1","AG7C4X3WKKBV",0.5
"151","3IAEQB9FMELU3L7HAH94Y1FWF80WDE","AGQY4CF780ZDC",0.5
"152","3ERET4BTVMAR5V0J9NLZOU2B1EY9KW","AI2KKF5L9GJJZ",0.5
"153","3SNLUL3WO4O09T64SYSRZQ2434YUL6","AJRWCGIH6WOVG",0.5
"154","3YW4XOSQKQMNJM20ZOA8FBTQ5KZ1UL","AKNU5D6QK7M72",0.5
"155","3BF51CHDTVBI7BBY36Z9IRLQ6KJH0P","ALYR5CI2SM2JC",0.5
"156","3EFE17QCRC6I8KVAC8ITSXR91DXHS9","AM5KAQSELU4FK",0.5
"157","3IFS6Q0HJIKI4F6UIQ0ES9SO14XSIQ","AP3TMAKHW9G4P",0.5
"158","3LKC68YZ3A4L7IY60QNK9VRVJOQWOY","APYR24Z4XEFDB",0.5
"159","3PIWWX1FJJ7L0N7ADEC0C9G1IMVJJ7","AQGFIF4GOVTQX",0.5
"160","3S3AMIZX3U6LPN1CTQ93M78TNXZCDC","AQZJKEN3MEWJR",0.5
"161","3R6BYFZZP7D6Q5Q3BS0GOKWO0QTFXE","AR29S906119QE",0.5
"162","3WT783CTPBISAQ3SFUIXRHKTKWDBCY","ARQR5NIFA1AJ",0.5
"163","3RJSC4XJ10V6RIR324Y0TUI01B1505","AS6BWSIIQJDYV",0.5
"164","3U5JL4WY5KAWSPTERB4XXGZXBMHX4D","AS98H99LN5LLU",0.5
"165","33TIN5LC04BMP0P0D2MQX2HMZPHY9I","ASC0LINUC02KF",0.5
"166","3P1L2B7AD1Q5WOM7WCGI0KAFL5ALOU","ASNMT3I94HZ44",0.5
"167","338JKRMM260E8O9GV8W27XX3FN7HAQ","ATPV5PU04HNNW",0.5
"168","3NVC2EB65Q00AY0KWTLG6PE0Z5X3YC","ATWQHQQ6JOS3D",0.5
"169","3HWRJOOET536OA48M7AN7UUW9D4ESL","AU6VM4MYD22LH",0.5
"170","38YMOXR4MU0VICS20U1QSV54YSK6WF","AV4P7N58PU55P",0.5
"171","3HMVI3QICJT40VM59P7XIWZ319TY11","AV6J56XKCIG7F",0.5
"172","31Q0U3WYDPGLLBQ4MGHX5JF6XAP71E","AVVDQOX4N7HCO",0.5
"173","3VE8AYVF8MYGB4PV3KOO8LFV94N8FC","AWUITC36IX6YX",0.5
"174","3ZSANO2JCF8YUO44HIUTPCFWLZRFSI","AXR1QGU4KTMSZ",0.5
"175","3SLE99ER0NE5IJE278252FLETU5BZZ","AY0GYFO0YOPNX",0.5
"176","3018Q3ZVOIRRXINJRD8WL1Z925TARM","A2PD9SHVWNX7Q2",0.5
"177","30IQTZXKAK7FT1BD8AHVLD9KUZO0X1","A1NZY7X64EW2S",0.5
"178","30X31N5D63R3YXNW6281BB45O3PSAX","A1TF3NF2EDSQPR",0.5
"179","30ZX6P7VF8WLUR926T68DSUKG5XJ2W","A3JT9LHWLFHNS8",0.5
"180","31IBVUNM9S0EMGL8BDZY0ZZ3KNXVFJ","A3MDU0KP6F46FP",0.5
"181","31N2WW6R9RRUA7JPR3TSH47KT33F35","A3QS96739O5M6F",0.5
"182","31Q0U3WYDPGLLBQ4MGHX5JF6XV9714","A2RYP5HCVKX4A6",0.5
"183","326O153BMIZ0MLLQPHFYCV8W8LFDEX","A1V3I0EG3DVY29",0.5
"184","32M8BPYGATNFEAX3NQ6X3V9LD1DGIK","A1H2UHJ78F185L",0.5
"185","32RIADZISS5OW87FX1YAY8I5WUQ4SX","A1D7IULWFI8PB1",0.5
"186","32Z9ZLUT1LL3AS3H5R1K8SH84EQHOO","A2MSOZOL2Z0QJV",0.5
"187","338JKRMM260E8O9GV8W27XX3FUKHAH","A1I3UQ6MCOD284",0.5
"188","33FOTY3KEMMRXSL0DXP8L57KYDNC13","A1Y2HID85GGCDN",0.5
"189","33OOO72IVHMS6CX9FG9IRBQFQPOCT8","A3OKOWU61RJTX4",0.5
"190","345LHZDEDXTJTPGFMSOR348N3XV3UJ","A34UFMGVNCFKVV",0.5
"191","34BBWHLWHACBBWN32VAFPYV97UGWIM","A101TTS7WAVXAV",0.5
"192","34QN5IT0TZSPE0A502535ESR3NE80U","A2M10QYY3BTJ0Q",0.5
"193","35USIKEBNRH5VIJO8TA3WCSD5LRN6Q","AWGYEB0Z48B4R",0.5
"194","35USIKEBNRH5VIJO8TA3WCSD5PZ6NP","A5EMCSS1EHD0X",0.5
"195","36DSNE9QZ5ZZ1YY7TR45K5XNH2GJO9","A2NHP55T9ZX86Q",0.5
"196","36DSNE9QZ5ZZ1YY7TR45K5XNH4LJOI","A39W3PYK82IBAS",0.5
"197","36NEMU28XFEX7FDUNA87HR2QOXDWM3","A3QDBNW2H8EMFW",0.5
"198","37UEWGM5HT9V3UAJVUF3A066YAOR1E","ASKUEWVYYCZWO",0.5
"199","38F71OA9GTXVWTRZXLY7D3GQT0OMF8","A1AF1XMICPJVZ1",0.5
"200","38F71OA9GTXVWTRZXLY7D3GQT2WFMD","AE63GABJL0FGJ",0.5
"201","38F71OA9GTXVWTRZXLY7D3GQTV6FM9","A3CLBF224TRYC9",0.5
"202","39LOEL67OS6LVS92JPNM7CQY60M38A","ANUA9X7BFPTR8",0.5
"203","39OWYR0EPKSVQAGDGOMI7Y3X241YFX","A2KBATQUTW8J5G",0.5
"204","3A4TN5196KJ2136EFMSTDSNRFVYCH3","A1MTRZDRKNB9GV",0.5
"205","3A7Y0R2P2OPMV7CZUIR13IOGT5VXJ0","A2KWADVDUGF4JG",0.5
"206","3AAJC4I4FGTB02CEV0FM034R15QZJW","AUB2Y2EREGBUZ",0.5
"207","3BWI6RSP7GAK5CKGY4CCC3Y0M9P7E9","A1Q07N0ONFDIT7",0.5
"208","3C5W7UE9CFRCWFIKXF4TJAGXXZKXMY","A34YD9P7KI4RF",0.5
"209","3C8HJ7UOP7V11AIZYXSEGVW85ZFZMU","A3NLSGHK6RFXA8",0.5
"210","3COPXFW7XBDCXIGQQCHWAK2Q6VCKPO","A2868HFLIU4V0C",0.5
"211","3CP1TO84PT2DNSUHHR2ECIBFY1S52G","A3CFL571SP03NK",0.5
"212","3CTOC39K37RSGS68C5N39JBSRMH7J0","A25FHFTKE1TYA5",0.5
"213","3DH6GAKTYYQ1VR7DH0GPAQJFEFHZYK","A2ADFW9L8WGV81",0.5
"214","3DQQ64TANGM3SIA7FQ0ZYVWLT80PWG","A2W7OLEX5MXRH8",0.5
"215","3DZQRBDBSLG3ECOBXNTRO3QZIT2S36","A76WEZ9QGREEM",0.5
"216","3ERMJ6L4DYTIH0CTF20VPB39VBK7M2","AG1ODW7KG7CEP",0.5
"217","3F0BG9B9MPOIBH17Y5O6J6QG4JU7YK","A3I07CQOHNF3ES",0.5
"218","3FDJT1UU749848Y76X8ICEX9FWF5KT","A3CMWYLWMENHLZ",0.5
"219","3G2UL9A02DFGSXR1SMTE0F6N5BD760","A1CE2XPYCDRHVZ",0.5
"220","3H8DHMCCW9C38LD0L3Q1AQL1SI6DKC","AV3LN2EMUI4LG",0.5
"221","3HMIGG0U4L7MBV6Q8AGCX6MBF598YL","A1KFK92GEFQ9F5",0.5
"222","3I2PTA7R3TVXXUH5QPWLAPS0BW3QK0","A30GCTXJ17JC3I",0.5
"223","3I7DHKZYGN1XOM6T5MHLW15470RF5U","A3ADQ2RLQNJQDU",0.5
"224","3IRIK4HM3ALM4EMXJ31PG1Y16HE6CS","A1WKWC9C5XIPKV",0.5
"225","3IX2EGZR7BK2YBQNLJL9E02SSVYRJ0","A24EYMUIGY8M5O",0.5
"226","3IX2EGZR7BK2YBQNLJL9E02SSZTJRV","A5M975UINIFLU",0.5
"227","3JJVG1YBEBY7B5UD0KVPDBEJSAXB5M","A1FBI9CPTNYMMR",0.5
"228","3JMSRU9HQIVMG2LCG2FSIHE38SWVER","A12CJ9VTOJL4IN",0.5
"229","3K2755HG5S4SSZLMKSZ4UDTWKMGFD3","A77K8W55MJEKX",0.5
"230","3KAKFY4PGU3EKYLFSBZDK1KC9XB3I4","A2TKHXY755FAM",0.5
"231","3KGTPGBS6XMU87KWISAMKU3VXCO2UM","A2XH7ZKO6GLD7Z",0.5
"232","3LUY3GC63Z1O23967ISN6FX40CGP7T","A33NE0YIJ8AVUG",0.5
"233","3M0NZ3JDP1Z3T3XT6YBSZTLMJ575ZU","A62RZY5BWOZZM",0.5
"234","3M68NM076H8QAGBG10RK5WXN6IQ6R7","A35JT9S4WJLLNE",0.5
"235","3M81GAB8A0KW4RDBKCJSBM9AO26QBS","AY5WYV3L02AXW",0.5
"236","3MTMREQS4VJW5E45Q7I2807QUM6AWR","A2OZ0B2U7MCLD1",0.5
"237","3MX2NQ3YC9VEO8XE5GN7285BB585XW","A25VM5OZB8R6TX",0.5
"238","3ND9UOO81K3D1XV9NY7SHEN1OWCLWN","A1TW2BZRRS874Z",0.5
"239","3O6CYIULED2GKNI3WCZT81JK1KUUW9","A2H2NYSFUUNAUB",0.5
"240","3OONKJ5DKCKTJF0V5ZROMHEA9X7BOG","A3PWHCBLUBWMRS",0.5
"241","3OS46CRSLF0I3NSXAKWU6TMQRPX6VW","A1BZC0YNP992F5",0.5
"242","3OSWBBLG1EY9SLC7KM5Q0KT3OVMXDU","A35ULE06JDNXIA",0.5
"243","3OUYGIZWR7ZAKS9MMJ7ER0NHS3M0PQ","A19Z68L0RHQVWL",0.5
"244","3OVHNO1VE62YXGCML4TBX59EWQUDZ7","A1IE18279Y0CU4",0.5
"245","3OXV7EAXLERYREQEQAQONYU705K63F","AUZQIVJPQ4DCJ",0.5
"246","3PWWM24LHSZWAADJFP9HO2L60LW286","A3ATU3VULAB7K2",0.5
"247","3QBD8R3Z21K9YGFMQKH1E384ZAB4OY","A2PZ6AY3UBL40R",0.5
"248","3QEMNNSB2X0FD66G291S6LGFMVED78","A19YRUF7K6FY78",0.5
"249","3QILPRALQ5WSZW2C1871GQO4BHLN8I","A165QRANNVPG0P",0.5
"250","3QXNC7EIPIWPS5TF5UBH5AN2NTP094","A3CZNWMYPM3P6E",0.5
"251","3QY7M81QH7NNRCCQUQNFAYB567O7KY","A1BFJF091QROT1",0.5
"252","3R08VXYT7CWEMC67J46IY950TEWW7I","A1POAW2RQBTBXB",0.5
"253","3R2PKQ87NW9F6KTPYT4SG0TI9MCIMF","A1ZTCXQ6JAT7E8",0.5
"254","3RANCT1ZVFIOWKKS1L3XLN6ZRTNUBO","A39KUEDR8ZS1CF",0.5
"255","3RGU30DZTA9B1VDVGBPSS18IM25JMY","A1CI5U3BLQ2DDS",0.5
"256","3RSDURM96AN3KWGHLD2CPGIXQ4ZYEU","AG430TVZD4313",0.5
"257","3RXCAC0YIRQMP4LQE4U6Q6F7A4W8GQ","A1VT581V4RDGVH",0.5
"258","3SKRO2GZ71S9GQXO5A669OKS3F7K1L","A21Y7K669KM1PR",0.5
"259","3T3IWE1XG6OW0D7SKYADBGFWU4SQTU","ARG392N6HWZCJ",0.5
"260","3TUI152ZZBOVRTVJIFQ35AW12MN1QK","A28L9WUCA4282C",0.5
"261","3V0Z7YWSIY1ULM9WNIKRGG5EBPS2VI","A2IJPWFSESVOAX",0.5
"262","3VHHR074H3IYBIU8FQZGPYOKV1B7L7","AD94YUQE36ZOD",0.5
"263","3VNL7UK1XFKZ9OHJ6IZJZHBIN2GFTM","AKSLU0C30G3JT",0.5
"264","3VNL7UK1XFKZ9OHJ6IZJZHBIN2OTF8","A3O5RKGH6VB19C",0.5
"265","3WEV0KO0OMT1W4Q8QCZ31CCB9CMDSW","A2NG40SHWNYGH9",0.5
"266","3WJ1OXY92AHLFD8NS42WUK44C9K8AF","A39I5B2LQDO0FF",0.5
"267","3WQQ9FUS6AVQYNDFYI2SPVOAUR78BC","A1DCKRRPA4AWVD",0.5
"268","3WZ36BJEV3H9W7531GDNGRKX84OTBI","A19V3A2N7GWL77",0.5
"269","3WZ36BJEV3H9W7531GDNGRKX850TBW","A25MAA14V6FLE3",0.5
"270","3WZ36BJEV3H9W7531GDNGRKX85NTBJ","A34XS2K3Q0PG4",0.5
"271","3Y9N9SS8LYCXCN5T0XY2T44ZHVJ3DO","A26ORCT7XKYZ6W",0.5
"272","3YWRV122CS05UMMLY9JNULGYJCCU8D","A2ODZYV6RRJ7NJ",0.5
"273","3Z7EFSHGN9FZNT6TKQAFGEBL3MTCXA","A147VU5FL0JL70",0.5
"274","3Z9WI9EOZZPKK1I27Z9R1B0ZK8MKHB","A2CMX1QYM4XOHE",0.5
"275","3ZPBJO59KP2C6VCSFIN4XY5901RHD1","A3IJCEPXB4G6JU",0.5
"276","3ZPPDN2SLVXOJV89D1AWQZP6HX99EF","AS1KP4SMNONQC",0.5
"277","3ZY8KE4ISJ4BD5BHPTASCY3HRP5VQC","A3GTPW3MYSLMR7",0.5
"278","308Q0PEVB8E0Z0AV9K0NBENY9JBI9E","A3TI6XISG3CKJF",0.5
"279","30BXRYBRP4YBF1CJWDSUPMUU77IHWB","A396KGY6ONZGCS",0.5
"280","31HQ4X3T3SBKUGE03TXRKPKGJF2LSN","A8Z21NVIQMSXC",0.5
"281","31UV0MXWNQDHYD8J6UN6ZYIWNNCI57","A2ZHBK2MDL2L51",0.5
"282","32M8BPYGATNFEAX3NQ6X3V9LDWBGI8","A1HBSDSSKXYTEZ",0.5
"283","32RIADZISS5OW87FX1YAY8I5WPJS44","A3S0INU046UTYK",0.5
"284","32SCWG5HIH55Y3V1O8NV01X85WIP66","A3F8K7ZV8AX8UR",0.5
"285","339ANSOTR53KGWTMDHRC1N1EKDBIKW","A3JW2Y73WOQPDN",0.5
"286","33C7UALJVLZPLPVNWL93JJB18B9187","A3VQP1UC7BA3YU",0.5
"287","33TIN5LC04BMP0P0D2MQX2HMZ2U9YW","A2AS2Z9P0VV2NP",0.5
"288","345LHZDEDXTJTPGFMSOR348N4NV3U0","A36A2OOKFZJ4IQ",0.5
"289","34FNN24DCMA3ODNOAC99LMCKE79Y5V","A10DTLF1LXFY0V",0.5
"290","34FNN24DCMA3ODNOAC99LMCKE86Y5U","AOIR5CUUS0CZ4",0.5
"291","35BLDD71I6YKRXC8CPT53RFLWOGZVS","A23YQ8J1DNM084",0.5
"292","35DR22AR5DLBATAARXZENB7RY9N3XB","AJ033NI5CHOB7",0.5
"293","35USIKEBNRH5VIJO8TA3WCSD5HQN6H","A25FNSFSB048DL",0.5
"294","37FMASSAYCSJNTPS74EJ2KIOYNJBIV","A1RC2ETLOSZGP0",0.5
"295","37Q970SNZE9749AWAJF80AB2K5B1S2","A1TA30P0NOOGE2",0.5
"296","37UEWGM5HT9V3UAJVUF3A066Y3R1RD","AJ7JFYKBG85ZV",0.5
"297","39L1G8WVWQS3KSPHK4E7S23QSPO13M","A31898LQJO7I3",0.5
"298","39N5ACM9HEOSGMXZMFQ7KBOAVXQP9H","A20N1NK5X5S88F",0.5
"299","39PAAFCODM1O5L396X4NH3E4BSUTV6","A1F9KLZGHE9DTA",0.5
"300","3AAPLD8UCCIJNK8P18NJ22NV3DZTHW","AIIATFTCUSO9H",0.5
"301","3CCZ6YKWR7KONCFG20HTM5JT5ZV95Q","A14WLAP6TCEKO0",0.5
"302","3CPLWGV3MO0SD1LM60DFGMJFVI9N93","A1K2R6FBPUA5TQ",0.5
"303","3CPLWGV3MO0SD1LM60DFGMJFVIPN9J","A2VO8C41JJIQY9",0.5
"304","3DI28L7YXAF6UQ5E9OV3BT7NKI51ED","AHKXEJNF7UUDX",0.5
"305","3EFE17QCRC6I8KVAC8ITSXR92V1SHP","A6NNEAQ7VMBRV",0.5
"306","3EFVCAY5L3AWG6BRMAF9NJ7N2SH8JQ","A1TARNH07A75CG",0.5
"307","3H7Z272LX78NHOY8BCTXPKF5WSBLPH","A35QC1VRVHN5EE",0.5
"308","3IFS6Q0HJIKI4F6UIQ0ES9SO28IISA","A5BCSSPC180AG",0.5
"309","3IXQG4FA2TZQCSWP3A86PRJLFU9B9J","AGS3G0AT438E7",0.5
"310","3JJVG1YBEBY7B5UD0KVPDBEJT2L5BP","A2CUBS3N991KOJ",0.5
"311","3K9FOBBF2HKNE3MVVXG5LVAAWH4NLP","A1GRLZL4F72RBJ",0.5
"312","3L0KT67Y8EH4UFLZM8MHEXMCSS4YSM","ANLHIS7CZAZVQ",0.5
"313","3LOTDFNYA70R15LD1N4UM1IHSXCFWT","A6C2CAWRIMC07",0.5
"314","3M0BCWMB8VX1OO9XWLIY3BRWDYGWBM","A2MNPKR85EINRT",0.5
"315","3N1FSUEFL51IUJOX0B3L39W5VMB4DO","A18X55GJB6VBQ0",0.5
"316","3NAPMVF0ZWGSAW805KHBA2PBQ1P72O","A3D4BSK9HVPG9E",0.5
"317","3NG53N1RLVKS2HEPHNKTKFTZBR8P8S","AG36U7IOG2LAP",0.5
"318","3ON104KXQKXH3POOH68BVXLQ33H4W0","A1NQ0PC3ZPB1WE",0.5
"319","3OS46CRSLF0I3NSXAKWU6TMQSLD6V5","A2XLMRL553Q4VZ",0.5
"320","3OUYGIZWR7ZAKS9MMJ7ER0NHTUMP0Y","A1NUW3AISE7RZC",0.5
"321","3OVHNO1VE62YXGCML4TBX59EWHRZD8","A2DNEPVF6DTLGH",0.5
"322","3PEIJLRY6TU81RCY1HAGS8IOW2BWX4","A11NPRAGI18E8C",0.5
"323","3PH3VY7DJLYX6MCD2ZY1PTYZ3XIWZZ","A2R0YYUAWNT7UD",0.5
"324","3Q5ZZ9ZEVOGO97W6X8BFM9OIKRB85T","AL6KD1ZLYLJ61",0.5
"325","3R2PKQ87NW9F6KTPYT4SG0TIAJOIMM","A1ZSL5ZLN9DLAK",0.5
"326","3RWE2M8QWHBAH7X964UMNBIMTJMN09","A26UXYJXVKI7OY",0.5
"327","3S0TNUHWKTJJDKBZCETYKLCAX8N8DF","A3GLT78I4NBP4Q",0.5
"328","3S96KQ6I9M52B43NFC4TBH8XCMTTDD","A1V8UWHNV0BT5",0.5
"329","3T111IHZ5ERDSZDEZ7UWP6OPXK79RX","A3GTQ5Q8B936Y4",0.5
"330","3U8YCDAGXPHVK4A1MWM3R5DRXPX0QM","A2EPBSY0VPI38S",0.5
"331","3VD82FOHKQPCTKS1JZNJX1KSRDXCO4","A1K8VUKRL53OX",0.5
"332","3WJ1OXY92AHLFD8NS42WUK44DA6A86","A35K3YVCX1LVPE",0.5
"333","3WR9XG3T63C2DANN9Y0Z3HM99BN47A","A3UWHJTAUTF6TO",0.5
"334","3YDGXNSEOZV6DOS6J3S5HHI4LZW489","A185S4NQI6H5T",0.5
"335","3YZ8UPK3VTN76PCYFLZSW7CH9Z6UCK","AY338BG1FB0AJ",0.5
"336","3Z7EFSHGN9FZNT6TKQAFGEBL4LGCXW","A2GMG1DL4TSUSG",0.5
"337","3ZV9H2YQQD8WLT5KHS3SLSTKP573W4","A1VCELFTBZ8PTJ",0.5
"338","30BXRYBRP4YBF1CJWDSUPMUU8H6HWK","A2RWESHZZ2VYN7",0.5
"339","30MVJZJNHMEWUBU1R2LNNF2YN3NJ9P","A2A7O6KYJ9GS8A",0.5
"340","31N2WW6R9RRUA7JPR3TSH47KU4VF30","A2ST86YP0N2X5J",0.5
"341","32N49TQG3GJJQP400XD6MYOCOB3VAY","A2V9D82R352FLI",0.5
"342","32Z9ZLUT1LL3AS3H5R1K8SH85A3HOU","AHKRGPN5D3I2G",0.5
"343","34S9DKFK73Q7E2TUEC5VF3C65XWNY7","A3SH7M12BRSS8E",0.5
"344","34X6J5FLPTZ2MABN84W99ASNX3UQJL","AMH1QMBS49AZ",0.5
"345","35K3O9HUABEXK5ZMGNAO0VBHLYAFEQ","A6SNEEAD59U80",0.5
"346","36W0OB37HWFF9WHO70C1OQOCPHVZH9","A14CPWFT35LU12",0.5
"347","39N5ACM9HEOSGMXZMFQ7KBOAW2UP9W","A208YGIHPB06PY",0.5
"348","3A4NIXBJ760HWL1VJW158GLARWYLM1","AQDBBBTN8NE9X",0.5
"349","3DL65MZB8DGQHTFCPLKNSPQEOGYCEI","A3RN5GD583FY4K",0.5
"350","3E337GFOL997SB8UK6JP835200MGNG","AX7FLG1YOWUTF",0.5
"351","3E4GGUZ1T8SG5BFKOE6KE7UXWME2KG","A330N7LVL2IOVZ",0.5
"352","3EA3QWIZ4IWJJFJ97Q542EOA4V0ITB","A7204W9E8IR1R",0.5
"353","3EQHHY4HQST32M2OG6N3EM5G9FP5GI","A2PJBSDDN22XIX",0.5
"354","3GGAI1SQEVZOTH7P6J865XVNXIOCM6","A2CVJRHHQ376SQ",0.5
"355","3HL8HNGX452GP9858CU28HA6UW4F9G","A1QX1RYLCFXZJ9",0.5
"356","3HL8HNGX452GP9858CU28HA6UWA9FG","ALHY07J1IGHO8",0.5
"357","3HRMW88U16R4ZPC9U3FMAWTMOVQM0Q","A26WVAVVE1RM47",0.5
"358","3K5TEWLKGVCYW7NYCL5J3WCV1GNVIB","A2IJEKMVEHQ90W",0.5
"359","3LEP4MGT3G12FI96FQD8BN2B6J3BDN","A1N4P4XGQM7NXE",0.5
"360","3LO69W1SU3EH4B598T3AVB1DV5LLGI","A4GGEF7TZ6KFS",0.5
"361","3OJSZ2ATDSXK9TRNN3J989SNAC357C","A3KA1ZSIF3UKWZ",0.5
"362","3OWEPKL089DOZIXTR3FV2QS91X4N7L","AOY5CF0UQUMO2",0.5
"363","3R5F3LQFV2LP1D3BBD7R8ZLD10KZO2","A40O6S62MI2VC",0.5
"364","3SKRO2GZ71S9GQXO5A669OKS4L51KD","A1B9MG0X7SR28",0.5
"365","3SNVL38CI4TT3T7ML7VQQK3J8G2KCO","A1TBL7E87DYE6J",0.5
"366","3UWN2HHPUY6AIGHLF6D6XHO5OGESNK","A3PKTBME6CNIKU",0.5
"367","3VELCLL3GKKY045A4ZF9TBSNWOG1F1","A3PDVGB7JS85F1",0.5
"368","3WR9XG3T63C2DANN9Y0Z3HM9AHJ47J","AOSO1D81K0ET0",0.5
"369","3X73LLYYQ1FLS7354C17T3H3F0YHNF","A2J6S7QR4CGXTW",0.5
"370","3XCC1ODXDLCJKYU0G95IB1EE7PCQRB","A251QF4QK6FY1E",0.5
"371","3XUHV3NRVKZH2IXZ0C5LZMHHOF35HI","A3C4UHWHON50ZQ",0.5
"372","3YW4XOSQKQMNJM20ZOA8FBTQ682U1U","A1IA1UVGWONNDS",0.5
"373","3Z2R0DQ0JHFDJBNASSVHGCHSCPG2EU","A35CL66BEUSJ5Z",0.5
"374","3ZSANO2JCF8YUO44HIUTPCFWMMBSFQ","A04923991F3PSJNU8U7NT",0.5
"375","30BXRYBRP4YBF1CJWDSUPMUU8IKHW0","A3P5P5LGJGB6HD",0.5
"376","338JKRMM260E8O9GV8W27XX3G2KHAY","A3F69R5AE77SOI",0.5
"377","33PPO7FECVGC2QNCL05PXA6O1I0DIT","A2ZFS2QYJKC83I",0.5
"378","34FNN24DCMA3ODNOAC99LMCKEHT5Y6","A1UOH37J26WEBR",0.5
"379","37U1UTWH9VNDEUU4UFOIPATEDLGR8V","A2FWZ1B6Y2YAX7",0.5
"380","38F71OA9GTXVWTRZXLY7D3GQU1TFM9","A3SA97VT1923NN",0.5
"381","3A1COHJ8NJW0P0G1YACOB6R8QD1H89","A2JEUIN9XD8VD7",0.5
"382","3B1NLC6UGZX7VWK70LWHCSAX0NNPG1","A1G36KQ18HYPK3",0.5
"383","3DHE4R9OCWCB3PJ1YNL5GF24PDA2G6","A385PTCMF751OW",0.5
"384","3DQQ64TANGM3SIA7FQ0ZYVWLUBDWP7","A1J5QT0FI6WZP1",0.5
"385","3DR23U6WE5F73AHNB7FDHZQIC9HTEF","A2WKLFDPHPHEOW",0.5
"386","3DZQRBDBSLG3ECOBXNTRO3QZJ3DS32","A6ZAKE3FP8YKY",0.5
"387","3E7TUJ2EGCNJRPU9H6ZCKH7LIQG9D5","AZ5VUWOGD4XXH",0.5
"388","3ERET4BTVMAR5V0J9NLZOU2B2ZJ9KO","A33TBDS0UALKW2",0.5
"389","3FPRZHYEPY8J645FRIYWZQA6I57V36","A3CQT9FR6RWRG2",0.5
"390","3G5F9DBFOPYY0CCE63NY3KBG1AQHV0","A2P7LFZWAQKIKJ",0.5
"391","3GLB5JMZFXWY6ZHHVC5MCYT8M49GD3","A35F8LLJ0774ZR",0.5
"392","3HPZF4IVNMUONYW3PMWHZSIU60XCY7","A1VV5MI090JO6Y",0.5
"393","3IAEQB9FMELU3L7HAH94Y1FWGSRDWR","A1M8BYIP0KZJZX",0.5
"394","3IAS3U3I0FHFC8BQI1TRF4B79Z02B5","A3QNCW3LR2AVOV",0.5
"395","3J2UYBXQQLD2AMRH7N85L0W0Y18063","A11LT9CNDEE2F2",0.5
"396","3K3R2QNK8B458R5V31P1UHB94P19U3","A31XUQFSE7CCZX",0.5
"397","3MX2NQ3YC9VEO8XE5GN7285BCCOX5J","A1Z4WD6TWRHKK1",0.5
"398","3P529IW9KYMBQB9EX9XSDQ11UY8FLG","A3FCFY0V7W4N9T",0.5
"399","3QECW5O0KH277ROU06MAD5K5ZGM5TU","A1G187YBG0DVMQ",0.5
"400","3QIYRE09Y3IAOWIR2NYM1G1WYJD1NR","A1A3ACABSI9AP8",0.5
"401","3QY5DC2MXRLE91W86NPT4DXK7PLFUU","A281NYJUA83Y3Y",0.5
"402","3RSDURM96AN3KWGHLD2CPGIXRCHYET","A3PHP3HHD7YM2Q",0.5
"403","3S0TNUHWKTJJDKBZCETYKLCAYKV8DC","A2PJ9BRKDZ0AUE",0.5
"404","3U0SRXB7CD6YH1H80HD177J92FENRC","A1W1RB5SV7AN0S",0.5
"405","3V0Z7YWSIY1ULM9WNIKRGG5ECQ22VV","A27HVVLSZZ13XK",0.5
"406","3V5Q80FXIXSA9D7D38ELXLDVL78320","AU3WB2DD4QJ4B",0.5
"407","3VHP9MDGRNLIN7F8KW4TA7BE0OSCFT","A1XY4MG26E4MAY",0.5
"408","3VNXK88KKCJ5L6UV8RZ6Q3DSIZIV9S","AQCG5PJF5XHD0",0.5
"409","3WYGZ5XF3WG9AAWIITLQ5P71UOLKSP","A1WJQQ8D0RHJB4",0.5
"410","3X31TUMD7XNK0WF6QAI7OOX7TNTL1N","A2ZDR3QX54R6QX",0.5
"411","3XXU1SWE8MW3XO3KX0PH15YMUIFA0G","AG9LMLEPXP2YC",0.5
"412","3Z2R0DQ0JHFDJBNASSVHGCHSCXW2EQ","A1W4J3JC5UO6QP",0.5
"413","3Z9WI9EOZZPKK1I27Z9R1B0ZLCGHKB","A3UZYBO3EGBDWR",0.5
"414","3ZV9H2YQQD8WLT5KHS3SLSTKPGBW3N","A2BSULOV6QDJ0P",0.5
"415","32EYX73OY0ABCR1HXIPNL2B3AFDRUM","AN5WGHGM4BTJ2",0.5
"416","33NF62TLXJ3GB7DSVZCCDOGEY7KJKO","A3HEIKMUSUAFII",0.5
"417","33SA9F9TRXVZVRLH6CKO4JXHG7YWEF","A1ZOFPPZVYQ0Z8",0.5
"418","36AHBNMV1RDYSQ2HPIRSJY0CR2PYDD","A1TPO4S2DZBXXV",0.5
"419","38JBBYETQOBNMP2XW6E59REQWEPE41","A2SAV7GJES6ADB",0.5
"420","39PAAFCODM1O5L396X4NH3E4C77VTG","A27PINUYH0XHRB",0.5
"421","3A4NIXBJ760HWL1VJW158GLAR1JMLX","A1FXZ0AR1EB0JA",0.5
"422","3A4NIXBJ760HWL1VJW158GLAR1KMLY","A3JGVZEXXELM3C",0.5
"423","3AAJC4I4FGTB02CEV0FM034R2NUZJ1","A3K9GTQBOI7O5A",0.5
"424","3ATTHHXXWAPQ0WSTC061RH9GH5GXIT","A1CUBRUF72F76J",0.5
"425","3B2X28YI3WG3U9UR535U5HSJP7SB6R","A3UST4ECBO0560",0.5
"426","3BV8HQ2ZZW2YBZPZZP5YA68D7UCA6A","A2D773GY0L2LLP",0.5
"427","3E7TUJ2EGCNJRPU9H6ZCKH7LITSD9R","A3KI0DBOGJA4VV",0.5
"428","3H8DHMCCW9C38LD0L3Q1AQL1TUBDK6","AIOFZDV1SZ25O",0.5
"429","3I7DHKZYGN1XOM6T5MHLW1548BJF59","ARAZDRMM84XF3",0.5
"430","3IJXV6UZ1XK6306H31092ZNSGKQRIE","A1JED1RJM2C9MS",0.5
"431","3IUZPWIU1O82HRDR2YVR2EAM03TKWK","A3VPD34C23PQTQ",0.5
"432","3JPSL1DZ5S06IKVRY6RFCHUZ2FONAA","A40J1MYI1VB2P",0.5
"433","3KV0LJBBH2MSZJW8OGY1USU9XT8RMS","A1R0689JPSQ3OF",0.5
"434","3LQ8PUHQFLTTE6SE7WOFOVLMTDHIH1","A1A1VQD9YV17B1",0.5
"435","3MHW492WW0EKSQDPX03BVPJCIZLMVG","A50K26F2IS94U",0.5
"436","3NPI0JQDAO6B016DKLVOBBPMQJMTP9","A2I2WHPHIA9CZG",0.5
"437","3OUYGIZWR7ZAKS9MMJ7ER0NHT83P07","A2QP9ZGIW4R7C2",0.5
"438","3P59JYT76LLF8U57INKCFYHTFF6T2A","A3PGQXTALA0QJR",0.5
"439","3PS7W85Z8Z3Q8EQ63WZRPLP7LL8T9U","A56EHDVTD22ZO",0.5
"440","3PW9OPU9PQLEZATYG4029SYYNQZ21I","A3F5Z5S2AHMN2O",0.5
"441","3PXX5PX6LXZ4HB6UVGM6LMU5LVZAB7","A14KBEEJY88YZG",0.5
"442","3QY5DC2MXRLE91W86NPT4DXK7V8FUT","A1X65JF24DWI87",0.5
"443","3R08VXYT7CWEMC67J46IY950UQQ7WC","A1GIP1O7FBDXXA",0.5
"444","3SKEMFQBZ36RRQH94VFLOY70IZOK89","AI2YUH8YOKJIQ",0.5
"445","3T111IHZ5ERDSZDEZ7UWP6OPX269RW","A247PDSKLZU86P",0.5
"446","3TE3O8573092SFSFEYFHFJGBRUJ2RG","A2ZEWMNLPFFOXM",0.5
"447","3TPWUS5F892KYT13ALETEVXEVZECW3","A1H5Q9HRH4RPZU",0.5
"448","3V0Z7YWSIY1ULM9WNIKRGG5ECU52V6","A1MJTSOEQETF9R",0.5
"449","3VHHR074H3IYBIU8FQZGPYOKWGP7LG","A216MK0DNQUN4G",0.5
"450","3VW04L3ZLT7NQRHOBM62URWV5EDXXE","A7WVKWZKY0IRD",0.5
"451","3W2LOLRXLBGX9VW534LLFF258PHRKT","A11BACV6DY5S8M",0.5
"452","3X66WABAJWJ0O7FK2NZAZP7WVZG3G4","A13TH6BHYXE96C",0.5
"453","3XXU1SWE8MW3XO3KX0PH15YMUNMA0X","A9GKZNX4Q97FQ",0.5
"454","3YJ6NA41JBHHMYA88RHK952DSHPPJU","A33Z6BHAJUGCHY",0.5
"455","3YWRV122CS05UMMLY9JNULGYKNNU8B","A10T0161B70BXP",0.5
"456","3ZOTGHDK5ICS01HXGLDJC6OAEV6SOW","A3K5YBCBVBM3RY",0.5
"457","3ZR9AIQJUBAOVZN3OZFQO2CM2HQ04K","A3TDPXTB6Y6H1I",0.5
"458","31LM9EDVOLTHJDYVSC4S5GXISERJNJ","ALXB97K0CIHLR",0.5
"459","31QTRG6Q2TE7HN57URINJSH15U8YPP","A2ZRL1ZWWXJ0L7",0.5
"460","31QTRG6Q2TE7HN57URINJSH15WUPY6","A233K1XWQ4JOHJ",0.5
"461","324G5B4FB39LEM5MQXDXREWWTO7075","A3FXVNZ5VG98IP",0.5
"462","33L7PJKHCGZQU97WY4TDPPUW1KET83","A77OYVAEE5RUZ",0.5
"463","33L7PJKHCGZQU97WY4TDPPUW1KR8TV","A2VP6TVLHZTH6F",0.5
"464","35H6S234SA115TDI4TEH2VSRFKD569","AM0QVBV8L6QCJ",0.5
"465","35LDD5557A56CFJDYWP4TG8V2AQMKO","A1QW7D2WE4TAV",0.5
"466","36TFCYNS44BQ41H96IOGR581HXVHXO","A2WUXZOY4CRF5R",0.5
"467","36TFCYNS44BQ41H96IOGR581HZUXH7","AX23UVYGE66SF",0.5
"468","392CY0QWG1SZ2U4JSP4WU6CIOH1I43","AGKO84UB73YRL",0.5
"469","39GHHAVOMFSVX5OPA7PW67RI1WVJ4L","A224B7BAQ0MZSN",0.5
"470","39O5D9O87TTN7VZF013R9YMHXAOC39","A1QEQOI98976S0",0.5
"471","3BDCF01OGXVHQ2Q92ZPG2B8H0K4YLO","A1EV7UYQD11SN1",0.5
"472","3DI28L7YXAF6UQ5E9OV3BT7NK2YE1N","A1E3MR98PNWZBD",0.5
"473","3EQHHY4HQST32M2OG6N3EM5G9Y7G5D","A1RHR9KJ3D6S1E",0.5
"474","3GU1KF0O4I2B4FCWKZ43BHJ0KL2PBD","A17QJIW0LG8SD4",0.5
"475","3HMVI3QICJT40VM59P7XIWZ32FY1YM","A2S0D2ZFNV4EC1",0.5
"476","3HUTX6F6VUOZV20ZM6YDLOB6GCGO2K","A1YHAX8H5IDT89",0.5
"477","3IGI0VL647LVKOPS8PWXDCE4R60ON2","A3FA0317CWC85J",0.5
"478","3KIBXJ1WD5VUCI4PBC4HLKX0XAHKOD","A37E36IPU0BJX5",0.5
"479","3O6CYIULED2GKNI3WCZT81JK23XWUH","A1JH8B9LBEJ6MO",0.5
"480","3QBD8R3Z21K9YGFMQKH1E3840QVO4Z","AS4NIEQJWCG3M",0.5
"481","3QY7M81QH7NNRCCQUQNFAYB57MAK7S","A37JC45Y9GLSA7",0.5
"482","3R2PKQ87NW9F6KTPYT4SG0TIA6PIMX","A29PKMLH38N148",0.5
"483","3RWE2M8QWHBAH7X964UMNBIMT2QN0F","A18EM8NGUWCGGA",0.5
"484","3VHP9MDGRNLIN7F8KW4TA7BE00LFCD","AGMUAP88GDXIV",0.5
"485","3WJ1OXY92AHLFD8NS42WUK44DUX8AZ","A12PFUL07PA6NB",0.5
"486","3X08E93BHVJXOXDW9COMU16RBFG66I","A2PM0SEA0O8MN3",0.5
"487","3X87C8JFV6CVLDUDVY5N1BJAT8WSQ0","A1AVYTRWC94HWD",0.5
"488","3YDTZAI2WXHO2O8LKIJQ27VW7DT14T","A2SVTQ8N2CHMG6",0.5
"489","3Z7ISHFUH0WMGLGV4WIVBDVDME1Z8M","A3C8NUIBNZYMT2",0.5
"490","3ZSANO2JCF8YUO44HIUTPCFWM3IFSI","A3E65QA8DZX26T",0.5
"491","320DUZ38G7NB9LH958RXFWOLR42JGC","A2A2S1FVTX2TZ8",0.5
"492","324G5B4FB39LEM5MQXDXREWWTU107B","A10FKLI7QD9VZL",0.5
"493","34V1S5K3GS2K6GFU7JRYEBXT1JZ96D","A1Q56N80RJLQ7S",0.5
"494","3570Y55XZPK14AC8R8S0PJ39466GYU","ALHX02JGCL9C0",0.5
"495","35BLDD71I6YKRXC8CPT53RFLXIYZVZ","A2EK1HDV4I4GSK",0.5
"496","37U1UTWH9VNDEUU4UFOIPATED0FR8O","A36QGCT3MMXC4Q",0.5
"497","388U7OUMF72VW5P1ZBB3WVNWU33R03","A1EG4OWAMYBOMA",0.5
"498","39KFRKBFINWPWNT6FR58USCBVTOOYI","AC53GS6RNZLVE",0.5
"499","39L1G8WVWQS3KSPHK4E7S23QTHP31A","A1FK9ABTK98JW4",0.5
"500","39N5ACM9HEOSGMXZMFQ7KBOAWQ69P4","A1RCVIJAS2Z3GC",0.5
"501","3BV8HQ2ZZW2YBZPZZP5YA68D7266AG","A1K581IY10MNC0",0.5
"502","3DYGAII7PL9Y8LEL3H1T66EZ6OFPQ7","A1QUQ0TV9KVD4C",0.5
"503","3FFJ6VRIL1PI36MI9OHUI3M576Y0IK","A3SX229VS1X6B6",0.5
"504","3FTF2T8WLRJI0VU0Y142C5W6PL5W9E","A3IX3XVGPJH2I7",0.5
"505","3GA6AFUKOOPEO3AVMTHSKPJXA9HH3P","AOJD8D9NXVAR3",0.5
"506","3HOSI13XHZPVUF7QTM4E6DQB9Q0DDP","A384EFVY03N5KE",0.5
"507","3HWRJOOET536OA48M7AN7UUWA7USEE","A2U8QOJRKUCTWG",0.5
"508","3K9FOBBF2HKNE3MVVXG5LVAAW3LLNC","A34FWNJ7PW4Q9X",0.5
"509","3M0BCWMB8VX1OO9XWLIY3BRWDPEWB2","AJ5NK96P40BP6",0.5
"510","3OCHAWUVGOLH6RIHC3RD4XOT9LOXKB","A3R1L6ID6NE0LU",0.5
"511","3PWWM24LHSZWAADJFP9HO2L618I283","A2ZPSPA0R8KSL8",0.5
"512","3SNVL38CI4TT3T7ML7VQQK3J8Z7CKN","A10AVMDRAU2NN5",0.5
"513","3U088ZLJVKU0416NY5L9JUVDMIO0WL","A3GO5L86SKLUIK",0.5
"514","3URFVVM165JKEIN87ZJ075D2J83UZD","A1G1OO4IWM8EP5",0.5
"515","3UXUOQ9OKEYHFZ34IZAQGK892CZA7Q","ADI9WQP6XAJR",0.5
"516","3VJ40NV2QIOTF1UC5LI9MBKWGQ9TOZ","A3PSV85ZUXP9VF",0.5
"517","3VSOLARPKBAL9XSCOHT078L9RW639I","A2902FWLHHPSDX",0.5
"518","3VZLGYJEYLBCVMH3C4UNRCC6DQKXZ8","A5N551A5UQ4G2",0.5
"519","3WLEIWSYHOIP3LECIT3N1FE54R42HE","A146MSML39KY98",0.5
"520","3WQQ9FUS6AVQYNDFYI2SPVOAVESB8B","ASMEY0WE4ZTB1",0.5
"521","3XM0HYN6NK09BIOGUQ6TCPPLNPFPER","A2PAQJ1JLCPW80",0.5
"522","3Y54SXRO1LMOS6E917UILHCLYCKTUZ","A2F8YFFRKK14QD",0.5
"523","3Z7EFSHGN9FZNT6TKQAFGEBL483XCE","A2KIJDBY2SL5Z3",0.5
"524","3ZAZR5XV01JOSO68L8Y0DZRWC8KCZ9","A3GTO0JMTWNT2P",0.5
"525","30IQTZXKAK7FT1BD8AHVLD9KVPA0X4","A1HCXQTH43W7EO",0.5
"526","31Z0PCVWUKGMUV2DOZ17BPY1Q6NT77","A37XBH865833FE",0.5
"527","324G5B4FB39LEM5MQXDXREWWTWH702","A19AL2EJIVPWVX",0.5
"528","33C7UALJVLZPLPVNWL93JJB198V18O","A2X823PACMMOKP",0.5
"529","33L7PJKHCGZQU97WY4TDPPUW1S68TQ","AP1FY3G1E76KR",0.5
"530","340UGXU9DY235YIY62UXMZ06V38UV0","A1VKVBVPK57OD5",0.5
"531","34QN5IT0TZSPE0A502535ESR4HX08U","A9IXK96F38NAT",0.5
"532","352YTHGROVEZ6ZTZM7MBUUB3OB9H4A","A2ZHWXX1L6R56U",0.5
"533","36WLNQG78ZB77ON6BLOSH5KW6NPEBO","AH3E0I5Y9CMCO",0.5
"534","37FMASSAYCSJNTPS74EJ2KIOYFPBIL","A31ZLT6OHU6CRY",0.5
"535","3A0EX8ZRN8P5DT4XBM0MO8CCOZEYB7","A22KSWL724MR61",0.5
"536","3B2X28YI3WG3U9UR535U5HSJPP9B68","A37GOI3N77WX21",0.5
"537","3BWI6RSP7GAK5CKGY4CCC3Y0NXUE7Y","ADMU7SZUS3D5A",0.5
"538","3FTOP5WARFPEYH6OR62UU415KRM0J7","A2J5552F30POC6",0.5
"539","3GFK2QRXX9IZZ8SOVBRL0PR43WF5W3","A3CX8S6Q0QEW8E",0.5
"540","3HSYG7LRBJZBMRJADKCOE3GRDDTKKV","ABNR8ID5Q3CYA",0.5
"541","3I0BTBYZAXM4T61ND63X4RGTXU90YD","A1TEXCUTI4IUUN",0.5
"542","3KB8R4ZV1E85R2JXHGEGH858J23GB4","A18BJBZAJLC49L",0.5
"543","3KB8R4ZV1E85R2JXHGEGH858J38GBB","A1NSF2ULGO0DP1",0.5
"544","3KJYX6QCM9CURI74U3QJFXRVEPDVJC","A2WRGUSOVMW4AU",0.5
"545","3KOPY89HM83AF95LATKDW2ZCN5IJ31","ASZME2HK3WFW2",0.5
"546","3LQ8PUHQFLTTE6SE7WOFOVLMTS7IHL","A3IJQQ52N91IB4",0.5
"547","3MYYFCXHJ38L63YO214T9UZ29AW4GW","AUAN582MLI96N",0.5
"548","3ND9UOO81K3D1XV9NY7SHEN1PKNWLM","A2SZF8CXCU89P",0.5
"549","3NL0RFNU0FOQ8PU7SSP87MRVGS24KQ","A370S3V5OUNP4E",0.5
"550","3PQMUDRV7R7TA13YDE60O7M1T5FII7","A3SITQVLF6JA08",0.5
"551","3R2PKQ87NW9F6KTPYT4SG0TIAHRMIP","A3N5MI5YY9D9OC",0.5
"552","3R6BYFZZP7D6Q5Q3BS0GOKWO1SPFXF","ALUUZZUZ1EFJC",0.5
"553","3R8YZBNQ9HJ92FAL7V7C6KNE60Y7QJ","A14VRKL7WSSWQ8",0.5
"554","3RJSC4XJ10V6RIR324Y0TUI02Q205W","A298PEM7089FGU",0.5
"555","3T111IHZ5ERDSZDEZ7UWP6OPXB9R9Z","A1UZ02W2GK883U",0.5
"556","3UOUJI6MTDFV9NNT6HVFAKXRBD0UXL","AL3H8YP135U3P",0.5
"557","3VNL7UK1XFKZ9OHJ6IZJZHBIOVVFTO","AZ726STB641P",0.5
"558","3VNL7UK1XFKZ9OHJ6IZJZHBIOVWFTP","A3DXLUNUMAHX35",0.5
"559","3X65QVEQI0O4NZP4677R5KGYX4KLCH","A1163RE3ETNMPR",0.5
"560","3XXU1SWE8MW3XO3KX0PH15YMU550A6","AXEXQBM7B2QT9",0.5
"561","3Y54SXRO1LMOS6E917UILHCLYIETU5","A2ROYRYXZR9QHF",0.5
"562","3Y9N9SS8LYCXCN5T0XY2T44ZIJID3A","AEW0U822BST2P",0.5
"563","3Z7ISHFUH0WMGLGV4WIVBDVDMOE8ZS","A1199V7PJNAL0O",0.5
"564","3ZGVPD4G6TI5E58J7UTQ29R002AZTL","A2QFZ2524HID2B",0.5
"565","3ZPBJO59KP2C6VCSFIN4XY591OODH5","A21QMMJHOSG779",0.5
"566","3ZY8KE4ISJ4BD5BHPTASCY3HSHOVQG","A2F1AA15HG0FRU",0.5
"567","31QNSG6A5RU3WBAPL1QCKT2EDZN87V","A5WWHKD82I8UE",0.5
"568","32AT8R96GLAND61UC7PSBCGZX55USZ","A37BSAP280VMJH",0.5
"569","32SVAV9L3FAZEG2HGN7033WTYMCA39","A23273YME4RCEB",0.5
"570","33FOTY3KEMMRXSL0DXP8L57K06A1C3","A3T3WRVSK1N2PR",0.5
"571","33IZTU6J812FUAVPHC0FVJF3RMKXSQ","A150MDVC0C92OT",0.5
"572","33UKMF9319L9STZK1248GLQJG94TTM","A1M24593XO5Z3C",0.5
"573","340UGXU9DY235YIY62UXMZ06W88VUC","A1H6MDDUURAYA8",0.5
"574","34BBWHLWHACBBWN32VAFPYV99O3WIZ","A2C3DMPRMJD80J",0.5
"575","36TFCYNS44BQ41H96IOGR581IBYXH0","A3RI9RLBGPG2B6",0.5
"576","36WLNQG78ZB77ON6BLOSH5KW7SIEBS","A24S88M3V639ZA",0.5
"577","37TRT2X24QSFI49YPMZJELXOC0OJBS","A3TZXIF091C161",0.5
"578","392CY0QWG1SZ2U4JSP4WU6CIPU6I4Z","A3GT8OGGK4Y8Z",0.5
"579","3DBQWDE4Y6Z9CEJA3A0Y46EDBOFN57","A87PV9R9JDDYK",0.5
"580","3DIP6YHAPCTO5QPZ894IQ3UVZN8E86","A11QHDJAVBERI7",0.5
"581","3F1567XTNW6DGYYEMS5WKGEK2V59QR","AYW6H3GAHFDRG",0.5
"582","3FQ5JJ512LPCUX4DAX446VXV8EWKNB","AK3LQ63P2SCGH",0.5
"583","3JBT3HLQF837MDFCQDK6XZQ3C3LPZB","A2NLTA88JTRKHV",0.5
"584","3JCG6DTRV3RJ8XF03UGI6B49CWEQQ1","A1F7K6VHXXB82R",0.5
"585","3K4J6M3CXEU08SE5B2EKMXL22RXAGX","ACPZV9VCD8WZN",0.5
"586","3KMS4QQVK2R065RWC9LRYQOM6P1KFZ","A3H3EOO4F0WKAD",0.5
"587","3KYQYYSHYV8MYCYFJVIUH72AEFNOD0","A6DSEH12PFIOQ",0.5
"588","3LRKMWOKB5IBU6E6OF9U1MIA1SF2ZL","ADGDDNXMSOGBV",0.5
"589","3OHYZ19UGC6O05V3ZLRSR6U4TC7OAF","A3CXPP4EGCE973",0.5
"590","3OLF68YTN92UUSIA0I824CLQ1B4AF3","A2QZCU6WAWQTYE",0.5
"591","3PM8NZGV8YH3HUGCP8BA0J029YTQXO","AMLZT92RF3MYY",0.5
"592","3R0T90IZ1SDO17B3VGABSSBQ2T4GCP","A827A0PSD3R10",0.5
"593","3TR2532VIPV9CSS3TVIB35BWYZEJ68","A1R46N3GC6AF75",0.5
"594","3VZLGYJEYLBCVMH3C4UNRCC6E16ZXJ","ATFIP7FLYDX3V",0.5
"595","3WMINLGALB4NRGY09GI1W60N4YXCAF","AMNWFU79BWZ5F",0.5
"596","3XCC1ODXDLCJKYU0G95IB1EE8IVRQI","A3GM6YFH8E7YB8",0.5
"597","3XLBSAQ9Z4DIG7BCURQPXDZIC8AZ77","A3OLRWACCCCUTU",0.5
"598","3Z9WI9EOZZPKK1I27Z9R1B0ZM3VHK9","A3W341JMZSKATX",0.5
"599","3ZY8KE4ISJ4BD5BHPTASCY3HTNLVQQ","A3DPXCRMR0II7S",0.5
"600","345LHZDEDXTJTPGFMSOR348N5Q83UK","A3JWOB5IEJCDZC",0.5
"601","37WLF8U1WPR4NCYLBGIN4KB9DS86KW","A3T7O83FKQ2ET7",0.5
"602","3AAJC4I4FGTB02CEV0FM034R37WZJ8","A16NUUO02XX0N9",0.5
"603","3G2UL9A02DFGSXR1SMTE0F6N78D76W","A1GB6B723QPJZJ",0.5
"604","3GDTJDAPVUCMHEHCP7S13BZ48QX8MP","A252ER3CLCEMG0",0.5
"605","3KYQYYSHYV8MYCYFJVIUH72AEHEODV","A3IN9YBTU78SBS",0.5
"606","3QRYMNZ7FYIBXGU046IW7MKRRU7NTA","A183BXKTSGWVJE",0.5
"607","3R9WASFE2ZHVV0QICAO1L5CZAZGFZK","A3B9OZQTE4US3T",0.5
"608","3TXD01ZLD4I4BLZJM6TAD90TJQ3U4V","A3NFGEUZAH9V5G",0.5
"609","3UNH76FOCS61WK8U2BQV2ON615AMYR","A2TDEX0T7XEPLU",0.5
"610","3VE8AYVF8MYGB4PV3KOO8LFVBR7F8F","A1EG4DWTRISH7X",0.5
"611","3W8CV64QJ20035ZB32I2B2MJBAWH9U","A1PUSSRD8P5HHH",0.5
"612","3Y5140Z9DXHLRNQ2Q9WKX4NDGRIPIF","A3191G66DZEGEB",0.5
